{
  "training_session": {
    "timestamp": "20251006_021825",
    "total_models": 6,
    "models_saved": [
      "PM2.5_RF",
      "PM2.5_XGB",
      "PM2.5_GB",
      "PM10_RF",
      "PM10_XGB",
      "PM10_GB"
    ],
    "training_date": "2025-10-06T02:18:25.802824"
  },
  "pipeline_info": {
    "class": "AirQualityModelingFinal",
    "data_path": "/kaggle/input/nasa25/Dataset Air Quality Bogota/Dataset Air Quality Bogota/data",
    "features_used": [
      "hour_sin",
      "hour_cos",
      "day_sin",
      "day_cos",
      "month",
      "estacion_encoded",
      "valor_lag_1",
      "valor_lag_3",
      "valor_rolling_mean_6",
      "valor_rolling_std_6",
      "hour_x_estacion"
    ]
  },
  "model_performance": {
    "note": "Models trained with 80/20 temporal split",
    "algorithms_used": [
      "RandomForest",
      "XGBoost",
      "GradientBoosting"
    ],
    "pollutants_modeled": [
      "PM2.5",
      "PM10"
    ]
  }
}